model,threshold,accuracy,precision,recall,f1_score,roc_auc
WFA-XGB (threshold optimized),0.30000000000000004,0.8161764705882353,0.7884615384615384,0.8785714285714286,0.8310810810810811,0.8875541125541125
