,accuracy,precision,recall,f1_score,roc_auc
logistic_regression,0.7279411764705882,0.7578125,0.6928571428571428,0.7238805970149254,0.7839285714285714
random_forest,0.8125,0.8296296296296296,0.8,0.8145454545454545,0.8922077922077922
xgboost,0.8014705882352942,0.8307692307692308,0.7714285714285715,0.8,0.8766774891774891
